<?xml version="1.0" encoding="UTF-8"?><learningObjects xmlns:xy="http://xyleme.com/xylink"><learningObject xmlGuid="9ac066c3-ed5f-4905-8963-25d5c5819b70" publishIndex="1" resourceType="Course" language="en" format="HTML"><title>NGINX Fundamentals (Labs)</title><learningObjects><learningObject xmlGuid="9ac066c3-ed5f-4905-8963-25d5c5819b70---cid-d2e2-" publishIndex="1" resourceType="Topic" language="en" format="HTML"><title>NGINX Fundamentals (Labs)</title><preview>9ac066c3-ed5f-4905-8963-25d5c5819b70.html</preview></learningObject><learningObject xmlGuid="85593825-be3a-421b-a503-6aba2d0c589b" publishIndex="1" resourceType="Lesson" language="en" format="HTML"><title>Lab 2: View NGINX Processes</title><preview>85593825-be3a-421b-a503-6aba2d0c589b.html</preview><learningObjects><learningObject xmlGuid="dec21b66-80c8-4719-b848-43b656a7f23c" publishIndex="1" resourceType="Topic" language="en" format="HTML"><title>Lab Contents</title><preview>dec21b66-80c8-4719-b848-43b656a7f23c.html</preview></learningObject><learningObject xmlGuid="53ead6ad-2e59-4c5f-815e-19df331a7502" publishIndex="1" resourceType="Procedure" language="en" format="HTML"><title>Lab 2: View NGINX Processes</title><preview>53ead6ad-2e59-4c5f-815e-19df331a7502.html</preview></learningObject></learningObjects></learningObject><learningObject xmlGuid="e18abe82-1256-4c7c-b6d0-4748579e68ec" publishIndex="1" resourceType="Lesson" language="en" format="HTML"><title>Lab 3: Serving Pages</title><preview>e18abe82-1256-4c7c-b6d0-4748579e68ec.html</preview><learningObjects><learningObject xmlGuid="a9956d22-3d14-4a68-aaec-6d289b3716e6" publishIndex="1" resourceType="Topic" language="en" format="HTML"><title>Lab Contents</title><preview>a9956d22-3d14-4a68-aaec-6d289b3716e6.html</preview></learningObject><learningObject xmlGuid="794aa9b0-00cc-4459-9330-9d0e96b5e631" publishIndex="1" resourceType="Procedure" language="en" format="HTML"><title>Lab 3: Serving Pages</title><preview>794aa9b0-00cc-4459-9330-9d0e96b5e631.html</preview></learningObject></learningObjects></learningObject><learningObject xmlGuid="8a6744af-668b-4d45-b34d-d6486d6a32b4" publishIndex="1" resourceType="Lesson" language="en" format="HTML"><title>Lab 4: Server Selection</title><preview>8a6744af-668b-4d45-b34d-d6486d6a32b4.html</preview><learningObjects><learningObject xmlGuid="5c0c2b8f-41cf-4372-a19f-602811433fa2" publishIndex="1" resourceType="Topic" language="en" format="HTML"><title>Lab Contents</title><preview>5c0c2b8f-41cf-4372-a19f-602811433fa2.html</preview></learningObject><learningObject xmlGuid="c73f84d0-ed98-4a81-88ff-0cc0df24b5da" publishIndex="1" resourceType="Procedure" language="en" format="HTML"><title>Lab 4: Server Selection</title><preview>c73f84d0-ed98-4a81-88ff-0cc0df24b5da.html</preview></learningObject></learningObjects></learningObject><learningObject xmlGuid="18af083f-dace-4065-b6ef-9c134031a852" publishIndex="1" resourceType="Lesson" language="en" format="HTML"><title>Lab 5: Serving Content - Location</title><preview>18af083f-dace-4065-b6ef-9c134031a852.html</preview><learningObjects><learningObject xmlGuid="b570c608-79ca-400b-800b-2adc42746ecb" publishIndex="1" resourceType="Topic" language="en" format="HTML"><title>Lab Contents</title><preview>b570c608-79ca-400b-800b-2adc42746ecb.html</preview></learningObject><learningObject xmlGuid="f4dcffa0-9fc9-430d-9905-dd56cfa1e060" publishIndex="1" resourceType="Procedure" language="en" format="HTML"><title>Lab 5: Serving Content - Location</title><preview>f4dcffa0-9fc9-430d-9905-dd56cfa1e060.html</preview></learningObject></learningObjects></learningObject><learningObject xmlGuid="064c8652-b7ff-4bc2-a766-abd3024b8dcb" publishIndex="1" resourceType="Lesson" language="en" format="HTML"><title>Lab 6: Using Variables</title><preview>064c8652-b7ff-4bc2-a766-abd3024b8dcb.html</preview><learningObjects><learningObject xmlGuid="72b6cbf3-01ee-4e34-a67c-d672cd022582" publishIndex="1" resourceType="Topic" language="en" format="HTML"><title>Lab Contents</title><preview>72b6cbf3-01ee-4e34-a67c-d672cd022582.html</preview></learningObject><learningObject xmlGuid="d7290b3a-2bd3-44d8-951b-6c868745ca33" publishIndex="1" resourceType="Procedure" language="en" format="HTML"><title>Lab 6: Using Variables</title><preview>d7290b3a-2bd3-44d8-951b-6c868745ca33.html</preview></learningObject></learningObjects></learningObject><learningObject xmlGuid="f2328b2c-af24-41a7-ace8-b6723e10bd64" publishIndex="1" resourceType="Lesson" language="en" format="HTML"><title>Lab 7: Logging</title><preview>f2328b2c-af24-41a7-ace8-b6723e10bd64.html</preview><learningObjects><learningObject xmlGuid="f69e109e-5e71-4ce4-85c4-824ab73c19c8" publishIndex="1" resourceType="Topic" language="en" format="HTML"><title>Lab Contents</title><preview>f69e109e-5e71-4ce4-85c4-824ab73c19c8.html</preview></learningObject><learningObject xmlGuid="ccd058e2-e4a3-4a98-91a5-5d619ec5b99a" publishIndex="1" resourceType="Procedure" language="en" format="HTML"><title>Lab 7: Logging</title><preview>ccd058e2-e4a3-4a98-91a5-5d619ec5b99a.html</preview></learningObject></learningObjects></learningObject><learningObject xmlGuid="ef103d05-8898-48a9-89ca-8d214ac413ec" publishIndex="1" resourceType="Lesson" language="en" format="HTML"><title>Lab 8: Proxying Requests</title><preview>ef103d05-8898-48a9-89ca-8d214ac413ec.html</preview><learningObjects><learningObject xmlGuid="24415f35-5369-40e6-9797-e1db1bd8d936" publishIndex="1" resourceType="Topic" language="en" format="HTML"><title>Lab Contents</title><preview>24415f35-5369-40e6-9797-e1db1bd8d936.html</preview></learningObject><learningObject xmlGuid="c909b046-31b5-492d-a7e8-50840f2f02f9" publishIndex="1" resourceType="Procedure" language="en" format="HTML"><title>Lab 8: Proxying Requests</title><preview>c909b046-31b5-492d-a7e8-50840f2f02f9.html</preview></learningObject></learningObjects></learningObject><learningObject xmlGuid="6318c2cd-eded-4911-baea-494856fa366e" publishIndex="1" resourceType="Lesson" language="en" format="HTML"><title>Lab 9: Routing HTTP Requests</title><preview>6318c2cd-eded-4911-baea-494856fa366e.html</preview><learningObjects><learningObject xmlGuid="8193d29b-d3f7-4972-902f-0646bf0ae875" publishIndex="1" resourceType="Topic" language="en" format="HTML"><title>Lab Contents</title><preview>8193d29b-d3f7-4972-902f-0646bf0ae875.html</preview></learningObject><learningObject xmlGuid="98038ca0-b1e9-41c9-b77b-e0446a8a4a42" publishIndex="1" resourceType="Procedure" language="en" format="HTML"><title>Lab 9: Routing HTTP Requests</title><preview>98038ca0-b1e9-41c9-b77b-e0446a8a4a42.html</preview></learningObject></learningObjects></learningObject><learningObject xmlGuid="15a22bc6-73fc-4fca-a14d-0380bb7aa554" publishIndex="1" resourceType="Lesson" language="en" format="HTML"><title>Lab 10: Mapping Variables</title><preview>15a22bc6-73fc-4fca-a14d-0380bb7aa554.html</preview><learningObjects><learningObject xmlGuid="9e392050-6e87-4b3a-a904-cf37c7448440" publishIndex="1" resourceType="Topic" language="en" format="HTML"><title>Lab Contents</title><preview>9e392050-6e87-4b3a-a904-cf37c7448440.html</preview></learningObject><learningObject xmlGuid="ab9538cb-6244-4be1-818b-dd00e10ec3fb" publishIndex="1" resourceType="Procedure" language="en" format="HTML"><title>Lab 10: Mapping Variables</title><preview>ab9538cb-6244-4be1-818b-dd00e10ec3fb.html</preview></learningObject></learningObjects></learningObject><learningObject xmlGuid="7f2d38de-98c6-48ee-a9c4-3641393bf92b" publishIndex="1" resourceType="Lesson" language="en" format="HTML"><title>Lab 11: Encrypting Web Traffic</title><preview>7f2d38de-98c6-48ee-a9c4-3641393bf92b.html</preview><learningObjects><learningObject xmlGuid="f6178495-dcf5-4f23-8a0d-208e50e21029" publishIndex="1" resourceType="Topic" language="en" format="HTML"><title>Lab Contents</title><preview>f6178495-dcf5-4f23-8a0d-208e50e21029.html</preview></learningObject><learningObject xmlGuid="aaf9b820-f51d-44d7-a075-5d9ef849e116" publishIndex="1" resourceType="Procedure" language="en" format="HTML"><title>Lab 11: Encrypting Web Traffic</title><preview>aaf9b820-f51d-44d7-a075-5d9ef849e116.html</preview></learningObject></learningObjects></learningObject><learningObject xmlGuid="74c70a6a-e3ac-43d4-9845-9fcc6ad25906" publishIndex="1" resourceType="Lesson" language="en" format="HTML"><title>Lab 12: Monitoring and Managing Systems</title><preview>74c70a6a-e3ac-43d4-9845-9fcc6ad25906.html</preview><learningObjects><learningObject xmlGuid="2c52cb90-8bcd-4df7-b9d1-eedf33d8f7fc" publishIndex="1" resourceType="Topic" language="en" format="HTML"><title>Lab Contents</title><preview>2c52cb90-8bcd-4df7-b9d1-eedf33d8f7fc.html</preview></learningObject><learningObject xmlGuid="5a2aaeb7-0575-42fc-87f6-bedb4b626857" publishIndex="1" resourceType="Procedure" language="en" format="HTML"><title>Lab 12: Monitoring and Managing Systems</title><preview>5a2aaeb7-0575-42fc-87f6-bedb4b626857.html</preview></learningObject></learningObjects></learningObject></learningObjects></learningObject></learningObjects>