<?xml version="1.0" encoding="UTF-8"?><manifest xmlns="http://www.imsproject.org/xsd/imscp_rootv1p1p2" xmlns:imsmd="http://www.imsglobal.org/xsd/imsmd_rootv1p2p1" xmlns:adlcp="http://www.adlnet.org/xsd/adlcp_rootv1p2" xmlns:xy="http://xyleme.com/xylink" xmlns:xsi="http://www.w3.org/2001/XMLSchema-instance" identifier="scorm_9ac066c3-ed5f-4905-8963-25d5c5819b70" version="1.1" xsi:schemaLocation="http://www.imsproject.org/xsd/imscp_rootv1p1p2 imscp_rootv1p1p2.xsd                                    http://www.imsglobal.org/xsd/imsmd_rootv1p2p1 imsmd_rootv1p2p1.xsd                                    http://www.adlnet.org/xsd/adlcp_rootv1p2 adlcp_rootv1p2.xsd" xy:bcp-version="2022.09.08"><metadata><schema>ADL SCORM</schema><schemaversion>1.2</schemaversion></metadata><organizations default="Main"><organization identifier="Main"><title>NGINX Fundamentals (Labs)</title><item identifier="JLSProxySCO" identifierref="sco_1"><title>NGINX Fundamentals (Labs)</title></item></organization></organizations><resources><resource identifier="sco_1" type="webcontent" adlcp:scormtype="sco" href="index.html"><file href="index.html"/></resource></resources></manifest>