<?xml version="1.0" encoding="UTF-8"?><manifest xmlns:xsi="http://www.w3.org/2001/XMLSchema-instance" xmlns="http://www.imsglobal.org/xsd/imscp_v1p1" xmlns:adlcp="http://www.adlnet.org/xsd/adlcp_v1p3" xmlns:adlnav="http://www.adlnet.org/xsd/adlnav_v1p3" xmlns:imsss="http://www.imsglobal.org/xsd/imsss" xmlns:adlseq="http://www.adlnet.org/xsd/adlseq_v1p3" xsi:schemaLocation="http://www.imsglobal.org/xsd/imscp_v1p1 imscp_v1p1.xsd http://www.adlnet.org/xsd/adlcp_v1p3 adlcp_v1p3.xsd http://www.adlnet.org/xsd/adlseq_v1p3 adlseq_v1p3.xsd http://www.adlnet.org/xsd/adlnav_v1p3 adlnav_v1p3.xsd http://www.imsglobal.org/xsd/imsss imsss_v1p0.xsd" identifier="SS9ac066c3-ed5f-4905-8963-25d5c5819b70"><metadata><schema>ADL SCORM</schema><schemaversion>2004 3rd Edition</schemaversion><lms>Default</lms><adlcp:location>metadata_course.xml</adlcp:location></metadata><organizations default="defaultOrganization"><organization identifier="defaultOrganization"><title>NGINX Fundamentals (Labs)</title><item identifier="Item1" publishIndex="1" identifierref="R_9ac066c3-ed5f-4905-8963-25d5c5819b70" isvisible="true"><title>NGINX Fundamentals (Labs)</title><imsss:sequencing><imsss:rollupRules rollupObjectiveSatisfied="true" rollupProgressCompletion="true" objectiveMeasureWeight="0"/><imsss:deliveryControls tracked="true" completionSetByContent="false" objectiveSetByContent="false"/></imsss:sequencing></item><item identifier="Item2" publishIndex="1" isvisible="true"><title>Lab 2: View NGINX Processes</title><item identifier="Item2.1" publishIndex="1" identifierref="R_dec21b66-80c8-4719-b848-43b656a7f23c" isvisible="true"><title>Lab Contents</title><imsss:sequencing><imsss:rollupRules objectiveMeasureWeight="0"/></imsss:sequencing></item><item identifier="Item2.2" publishIndex="1" identifierref="R_53ead6ad-2e59-4c5f-815e-19df331a7502" isvisible="true"><title>Lab 2: View NGINX Processes</title><imsss:sequencing><imsss:rollupRules objectiveMeasureWeight="0"/></imsss:sequencing></item><imsss:sequencing><imsss:controlMode choiceExit="true" useCurrentAttemptObjectiveInfo="false" useCurrentAttemptProgressInfo="false" flow="true" choice="true" forwardOnly="false"/><imsss:rollupRules objectiveMeasureWeight="0"><imsss:rollupRule childActivitySet="all"><imsss:rollupConditions><imsss:rollupCondition condition="completed"/></imsss:rollupConditions><imsss:rollupAction action="satisfied"/></imsss:rollupRule></imsss:rollupRules></imsss:sequencing></item><item identifier="Item3" publishIndex="1" isvisible="true"><title>Lab 3: Serving Pages</title><item identifier="Item3.1" publishIndex="1" identifierref="R_a9956d22-3d14-4a68-aaec-6d289b3716e6" isvisible="true"><title>Lab Contents</title><imsss:sequencing><imsss:rollupRules objectiveMeasureWeight="0"/></imsss:sequencing></item><item identifier="Item3.2" publishIndex="1" identifierref="R_794aa9b0-00cc-4459-9330-9d0e96b5e631" isvisible="true"><title>Lab 3: Serving Pages</title><imsss:sequencing><imsss:rollupRules objectiveMeasureWeight="0"/></imsss:sequencing></item><imsss:sequencing><imsss:controlMode choiceExit="true" useCurrentAttemptObjectiveInfo="false" useCurrentAttemptProgressInfo="false" flow="true" choice="true" forwardOnly="false"/><imsss:rollupRules objectiveMeasureWeight="0"><imsss:rollupRule childActivitySet="all"><imsss:rollupConditions><imsss:rollupCondition condition="completed"/></imsss:rollupConditions><imsss:rollupAction action="satisfied"/></imsss:rollupRule></imsss:rollupRules></imsss:sequencing></item><item identifier="Item4" publishIndex="1" isvisible="true"><title>Lab 4: Server Selection</title><item identifier="Item4.1" publishIndex="1" identifierref="R_5c0c2b8f-41cf-4372-a19f-602811433fa2" isvisible="true"><title>Lab Contents</title><imsss:sequencing><imsss:rollupRules objectiveMeasureWeight="0"/></imsss:sequencing></item><item identifier="Item4.2" publishIndex="1" identifierref="R_c73f84d0-ed98-4a81-88ff-0cc0df24b5da" isvisible="true"><title>Lab 4: Server Selection</title><imsss:sequencing><imsss:rollupRules objectiveMeasureWeight="0"/></imsss:sequencing></item><imsss:sequencing><imsss:controlMode choiceExit="true" useCurrentAttemptObjectiveInfo="false" useCurrentAttemptProgressInfo="false" flow="true" choice="true" forwardOnly="false"/><imsss:rollupRules objectiveMeasureWeight="0"><imsss:rollupRule childActivitySet="all"><imsss:rollupConditions><imsss:rollupCondition condition="completed"/></imsss:rollupConditions><imsss:rollupAction action="satisfied"/></imsss:rollupRule></imsss:rollupRules></imsss:sequencing></item><item identifier="Item5" publishIndex="1" isvisible="true"><title>Lab 5: Serving Content - Location</title><item identifier="Item5.1" publishIndex="1" identifierref="R_b570c608-79ca-400b-800b-2adc42746ecb" isvisible="true"><title>Lab Contents</title><imsss:sequencing><imsss:rollupRules objectiveMeasureWeight="0"/></imsss:sequencing></item><item identifier="Item5.2" publishIndex="1" identifierref="R_f4dcffa0-9fc9-430d-9905-dd56cfa1e060" isvisible="true"><title>Lab 5: Serving Content - Location</title><imsss:sequencing><imsss:rollupRules objectiveMeasureWeight="0"/></imsss:sequencing></item><imsss:sequencing><imsss:controlMode choiceExit="true" useCurrentAttemptObjectiveInfo="false" useCurrentAttemptProgressInfo="false" flow="true" choice="true" forwardOnly="false"/><imsss:rollupRules objectiveMeasureWeight="0"><imsss:rollupRule childActivitySet="all"><imsss:rollupConditions><imsss:rollupCondition condition="completed"/></imsss:rollupConditions><imsss:rollupAction action="satisfied"/></imsss:rollupRule></imsss:rollupRules></imsss:sequencing></item><item identifier="Item6" publishIndex="1" isvisible="true"><title>Lab 6: Using Variables</title><item identifier="Item6.1" publishIndex="1" identifierref="R_72b6cbf3-01ee-4e34-a67c-d672cd022582" isvisible="true"><title>Lab Contents</title><imsss:sequencing><imsss:rollupRules objectiveMeasureWeight="0"/></imsss:sequencing></item><item identifier="Item6.2" publishIndex="1" identifierref="R_d7290b3a-2bd3-44d8-951b-6c868745ca33" isvisible="true"><title>Lab 6: Using Variables</title><imsss:sequencing><imsss:rollupRules objectiveMeasureWeight="0"/></imsss:sequencing></item><imsss:sequencing><imsss:controlMode choiceExit="true" useCurrentAttemptObjectiveInfo="false" useCurrentAttemptProgressInfo="false" flow="true" choice="true" forwardOnly="false"/><imsss:rollupRules objectiveMeasureWeight="0"><imsss:rollupRule childActivitySet="all"><imsss:rollupConditions><imsss:rollupCondition condition="completed"/></imsss:rollupConditions><imsss:rollupAction action="satisfied"/></imsss:rollupRule></imsss:rollupRules></imsss:sequencing></item><item identifier="Item7" publishIndex="1" isvisible="true"><title>Lab 7: Logging</title><item identifier="Item7.1" publishIndex="1" identifierref="R_f69e109e-5e71-4ce4-85c4-824ab73c19c8" isvisible="true"><title>Lab Contents</title><imsss:sequencing><imsss:rollupRules objectiveMeasureWeight="0"/></imsss:sequencing></item><item identifier="Item7.2" publishIndex="1" identifierref="R_ccd058e2-e4a3-4a98-91a5-5d619ec5b99a" isvisible="true"><title>Lab 7: Logging</title><imsss:sequencing><imsss:rollupRules objectiveMeasureWeight="0"/></imsss:sequencing></item><imsss:sequencing><imsss:controlMode choiceExit="true" useCurrentAttemptObjectiveInfo="false" useCurrentAttemptProgressInfo="false" flow="true" choice="true" forwardOnly="false"/><imsss:rollupRules objectiveMeasureWeight="0"><imsss:rollupRule childActivitySet="all"><imsss:rollupConditions><imsss:rollupCondition condition="completed"/></imsss:rollupConditions><imsss:rollupAction action="satisfied"/></imsss:rollupRule></imsss:rollupRules></imsss:sequencing></item><item identifier="Item8" publishIndex="1" isvisible="true"><title>Lab 8: Proxying Requests</title><item identifier="Item8.1" publishIndex="1" identifierref="R_24415f35-5369-40e6-9797-e1db1bd8d936" isvisible="true"><title>Lab Contents</title><imsss:sequencing><imsss:rollupRules objectiveMeasureWeight="0"/></imsss:sequencing></item><item identifier="Item8.2" publishIndex="1" identifierref="R_c909b046-31b5-492d-a7e8-50840f2f02f9" isvisible="true"><title>Lab 8: Proxying Requests</title><imsss:sequencing><imsss:rollupRules objectiveMeasureWeight="0"/></imsss:sequencing></item><imsss:sequencing><imsss:controlMode choiceExit="true" useCurrentAttemptObjectiveInfo="false" useCurrentAttemptProgressInfo="false" flow="true" choice="true" forwardOnly="false"/><imsss:rollupRules objectiveMeasureWeight="0"><imsss:rollupRule childActivitySet="all"><imsss:rollupConditions><imsss:rollupCondition condition="completed"/></imsss:rollupConditions><imsss:rollupAction action="satisfied"/></imsss:rollupRule></imsss:rollupRules></imsss:sequencing></item><item identifier="Item9" publishIndex="1" isvisible="true"><title>Lab 9: Routing HTTP Requests</title><item identifier="Item9.1" publishIndex="1" identifierref="R_8193d29b-d3f7-4972-902f-0646bf0ae875" isvisible="true"><title>Lab Contents</title><imsss:sequencing><imsss:rollupRules objectiveMeasureWeight="0"/></imsss:sequencing></item><item identifier="Item9.2" publishIndex="1" identifierref="R_98038ca0-b1e9-41c9-b77b-e0446a8a4a42" isvisible="true"><title>Lab 9: Routing HTTP Requests</title><imsss:sequencing><imsss:rollupRules objectiveMeasureWeight="0"/></imsss:sequencing></item><imsss:sequencing><imsss:controlMode choiceExit="true" useCurrentAttemptObjectiveInfo="false" useCurrentAttemptProgressInfo="false" flow="true" choice="true" forwardOnly="false"/><imsss:rollupRules objectiveMeasureWeight="0"><imsss:rollupRule childActivitySet="all"><imsss:rollupConditions><imsss:rollupCondition condition="completed"/></imsss:rollupConditions><imsss:rollupAction action="satisfied"/></imsss:rollupRule></imsss:rollupRules></imsss:sequencing></item><item identifier="Item10" publishIndex="1" isvisible="true"><title>Lab 10: Mapping Variables</title><item identifier="Item10.1" publishIndex="1" identifierref="R_9e392050-6e87-4b3a-a904-cf37c7448440" isvisible="true"><title>Lab Contents</title><imsss:sequencing><imsss:rollupRules objectiveMeasureWeight="0"/></imsss:sequencing></item><item identifier="Item10.2" publishIndex="1" identifierref="R_ab9538cb-6244-4be1-818b-dd00e10ec3fb" isvisible="true"><title>Lab 10: Mapping Variables</title><imsss:sequencing><imsss:rollupRules objectiveMeasureWeight="0"/></imsss:sequencing></item><imsss:sequencing><imsss:controlMode choiceExit="true" useCurrentAttemptObjectiveInfo="false" useCurrentAttemptProgressInfo="false" flow="true" choice="true" forwardOnly="false"/><imsss:rollupRules objectiveMeasureWeight="0"><imsss:rollupRule childActivitySet="all"><imsss:rollupConditions><imsss:rollupCondition condition="completed"/></imsss:rollupConditions><imsss:rollupAction action="satisfied"/></imsss:rollupRule></imsss:rollupRules></imsss:sequencing></item><item identifier="Item11" publishIndex="1" isvisible="true"><title>Lab 11: Encrypting Web Traffic</title><item identifier="Item11.1" publishIndex="1" identifierref="R_f6178495-dcf5-4f23-8a0d-208e50e21029" isvisible="true"><title>Lab Contents</title><imsss:sequencing><imsss:rollupRules objectiveMeasureWeight="0"/></imsss:sequencing></item><item identifier="Item11.2" publishIndex="1" identifierref="R_aaf9b820-f51d-44d7-a075-5d9ef849e116" isvisible="true"><title>Lab 11: Encrypting Web Traffic</title><imsss:sequencing><imsss:rollupRules objectiveMeasureWeight="0"/></imsss:sequencing></item><imsss:sequencing><imsss:controlMode choiceExit="true" useCurrentAttemptObjectiveInfo="false" useCurrentAttemptProgressInfo="false" flow="true" choice="true" forwardOnly="false"/><imsss:rollupRules objectiveMeasureWeight="0"><imsss:rollupRule childActivitySet="all"><imsss:rollupConditions><imsss:rollupCondition condition="completed"/></imsss:rollupConditions><imsss:rollupAction action="satisfied"/></imsss:rollupRule></imsss:rollupRules></imsss:sequencing></item><item identifier="Item12" publishIndex="1" isvisible="true"><title>Lab 12: Monitoring and Managing Systems</title><item identifier="Item12.1" publishIndex="1" identifierref="R_2c52cb90-8bcd-4df7-b9d1-eedf33d8f7fc" isvisible="true"><title>Lab Contents</title><imsss:sequencing><imsss:rollupRules objectiveMeasureWeight="0"/></imsss:sequencing></item><item identifier="Item12.2" publishIndex="1" identifierref="R_5a2aaeb7-0575-42fc-87f6-bedb4b626857" isvisible="true"><title>Lab 12: Monitoring and Managing Systems</title><imsss:sequencing><imsss:rollupRules objectiveMeasureWeight="0"/></imsss:sequencing></item><imsss:sequencing><imsss:controlMode choiceExit="true" useCurrentAttemptObjectiveInfo="false" useCurrentAttemptProgressInfo="false" flow="true" choice="true" forwardOnly="false"/><imsss:rollupRules objectiveMeasureWeight="0"><imsss:rollupRule childActivitySet="all"><imsss:rollupConditions><imsss:rollupCondition condition="completed"/></imsss:rollupConditions><imsss:rollupAction action="satisfied"/></imsss:rollupRule></imsss:rollupRules></imsss:sequencing></item><imsss:sequencing><imsss:controlMode choiceExit="true" useCurrentAttemptObjectiveInfo="false" useCurrentAttemptProgressInfo="false" flow="true" choice="true" forwardOnly="false"/><imsss:auxiliaryResources><imsss:auxiliaryResource auxiliaryResourceID="9ac066c3-ed5f-4905-8963-25d5c5819b70.html" purpose="Glossary"/></imsss:auxiliaryResources><imsss:objectives><imsss:primaryObjective objectiveID="SSPObjective" satisfiedByMeasure="false"/></imsss:objectives></imsss:sequencing></organization></organizations><resources><resource adlcp:scormType="sco" identifier="R_9ac066c3-ed5f-4905-8963-25d5c5819b70" type="webcontent" href="9ac066c3-ed5f-4905-8963-25d5c5819b70.html"><file href="9ac066c3-ed5f-4905-8963-25d5c5819b70.html"/></resource><resource adlcp:scormType="sco" identifier="R_dec21b66-80c8-4719-b848-43b656a7f23c" type="webcontent" webBehaviour="" href="dec21b66-80c8-4719-b848-43b656a7f23c.html"><file href="dec21b66-80c8-4719-b848-43b656a7f23c.html"/></resource><resource adlcp:scormType="sco" identifier="R_53ead6ad-2e59-4c5f-815e-19df331a7502" type="webcontent" webBehaviour="" href="53ead6ad-2e59-4c5f-815e-19df331a7502.html"><file href="53ead6ad-2e59-4c5f-815e-19df331a7502.html"/></resource><resource adlcp:scormType="sco" identifier="R_a9956d22-3d14-4a68-aaec-6d289b3716e6" type="webcontent" webBehaviour="" href="a9956d22-3d14-4a68-aaec-6d289b3716e6.html"><file href="a9956d22-3d14-4a68-aaec-6d289b3716e6.html"/></resource><resource adlcp:scormType="sco" identifier="R_794aa9b0-00cc-4459-9330-9d0e96b5e631" type="webcontent" webBehaviour="" href="794aa9b0-00cc-4459-9330-9d0e96b5e631.html"><file href="794aa9b0-00cc-4459-9330-9d0e96b5e631.html"/></resource><resource adlcp:scormType="sco" identifier="R_5c0c2b8f-41cf-4372-a19f-602811433fa2" type="webcontent" webBehaviour="" href="5c0c2b8f-41cf-4372-a19f-602811433fa2.html"><file href="5c0c2b8f-41cf-4372-a19f-602811433fa2.html"/></resource><resource adlcp:scormType="sco" identifier="R_c73f84d0-ed98-4a81-88ff-0cc0df24b5da" type="webcontent" webBehaviour="" href="c73f84d0-ed98-4a81-88ff-0cc0df24b5da.html"><file href="c73f84d0-ed98-4a81-88ff-0cc0df24b5da.html"/></resource><resource adlcp:scormType="sco" identifier="R_b570c608-79ca-400b-800b-2adc42746ecb" type="webcontent" webBehaviour="" href="b570c608-79ca-400b-800b-2adc42746ecb.html"><file href="b570c608-79ca-400b-800b-2adc42746ecb.html"/></resource><resource adlcp:scormType="sco" identifier="R_f4dcffa0-9fc9-430d-9905-dd56cfa1e060" type="webcontent" webBehaviour="" href="f4dcffa0-9fc9-430d-9905-dd56cfa1e060.html"><file href="f4dcffa0-9fc9-430d-9905-dd56cfa1e060.html"/></resource><resource adlcp:scormType="sco" identifier="R_72b6cbf3-01ee-4e34-a67c-d672cd022582" type="webcontent" webBehaviour="" href="72b6cbf3-01ee-4e34-a67c-d672cd022582.html"><file href="72b6cbf3-01ee-4e34-a67c-d672cd022582.html"/></resource><resource adlcp:scormType="sco" identifier="R_d7290b3a-2bd3-44d8-951b-6c868745ca33" type="webcontent" webBehaviour="" href="d7290b3a-2bd3-44d8-951b-6c868745ca33.html"><file href="d7290b3a-2bd3-44d8-951b-6c868745ca33.html"/></resource><resource adlcp:scormType="sco" identifier="R_f69e109e-5e71-4ce4-85c4-824ab73c19c8" type="webcontent" webBehaviour="" href="f69e109e-5e71-4ce4-85c4-824ab73c19c8.html"><file href="f69e109e-5e71-4ce4-85c4-824ab73c19c8.html"/></resource><resource adlcp:scormType="sco" identifier="R_ccd058e2-e4a3-4a98-91a5-5d619ec5b99a" type="webcontent" webBehaviour="" href="ccd058e2-e4a3-4a98-91a5-5d619ec5b99a.html"><file href="ccd058e2-e4a3-4a98-91a5-5d619ec5b99a.html"/></resource><resource adlcp:scormType="sco" identifier="R_24415f35-5369-40e6-9797-e1db1bd8d936" type="webcontent" webBehaviour="" href="24415f35-5369-40e6-9797-e1db1bd8d936.html"><file href="24415f35-5369-40e6-9797-e1db1bd8d936.html"/></resource><resource adlcp:scormType="sco" identifier="R_c909b046-31b5-492d-a7e8-50840f2f02f9" type="webcontent" webBehaviour="" href="c909b046-31b5-492d-a7e8-50840f2f02f9.html"><file href="c909b046-31b5-492d-a7e8-50840f2f02f9.html"/></resource><resource adlcp:scormType="sco" identifier="R_8193d29b-d3f7-4972-902f-0646bf0ae875" type="webcontent" webBehaviour="" href="8193d29b-d3f7-4972-902f-0646bf0ae875.html"><file href="8193d29b-d3f7-4972-902f-0646bf0ae875.html"/></resource><resource adlcp:scormType="sco" identifier="R_98038ca0-b1e9-41c9-b77b-e0446a8a4a42" type="webcontent" webBehaviour="" href="98038ca0-b1e9-41c9-b77b-e0446a8a4a42.html"><file href="98038ca0-b1e9-41c9-b77b-e0446a8a4a42.html"/></resource><resource adlcp:scormType="sco" identifier="R_9e392050-6e87-4b3a-a904-cf37c7448440" type="webcontent" webBehaviour="" href="9e392050-6e87-4b3a-a904-cf37c7448440.html"><file href="9e392050-6e87-4b3a-a904-cf37c7448440.html"/></resource><resource adlcp:scormType="sco" identifier="R_ab9538cb-6244-4be1-818b-dd00e10ec3fb" type="webcontent" webBehaviour="" href="ab9538cb-6244-4be1-818b-dd00e10ec3fb.html"><file href="ab9538cb-6244-4be1-818b-dd00e10ec3fb.html"/></resource><resource adlcp:scormType="sco" identifier="R_f6178495-dcf5-4f23-8a0d-208e50e21029" type="webcontent" webBehaviour="" href="f6178495-dcf5-4f23-8a0d-208e50e21029.html"><file href="f6178495-dcf5-4f23-8a0d-208e50e21029.html"/></resource><resource adlcp:scormType="sco" identifier="R_aaf9b820-f51d-44d7-a075-5d9ef849e116" type="webcontent" webBehaviour="" href="aaf9b820-f51d-44d7-a075-5d9ef849e116.html"><file href="aaf9b820-f51d-44d7-a075-5d9ef849e116.html"/></resource><resource adlcp:scormType="sco" identifier="R_2c52cb90-8bcd-4df7-b9d1-eedf33d8f7fc" type="webcontent" webBehaviour="" href="2c52cb90-8bcd-4df7-b9d1-eedf33d8f7fc.html"><file href="2c52cb90-8bcd-4df7-b9d1-eedf33d8f7fc.html"/></resource><resource adlcp:scormType="sco" identifier="R_5a2aaeb7-0575-42fc-87f6-bedb4b626857" type="webcontent" webBehaviour="" href="5a2aaeb7-0575-42fc-87f6-bedb4b626857.html"><file href="5a2aaeb7-0575-42fc-87f6-bedb4b626857.html"/></resource></resources></manifest>